url;puesto;nivel;titulo;Verificador;Ranchopoints;Jugadores
https://youtu.be/OSLSecQKCZM?si=A2bXU2_iySUh92C-;#1;Andromeda;#1 - Andromeda;deividg;350;deividg|https://youtu.be/OSLSecQKCZM?si=A2bXU2_iySUh92C-
https://youtu.be/oso6-DfDdN0?si=vzHQbuXViEm7d803;#2;Subsuming Vortex;#2 - Subsuming Vortex;weyi;327.91;weyi|https://youtu.be/oso6-DfDdN0?si=vzHQbuXViEm7d803
https://youtu.be/e4D9jIV68HU?si=KKuNj3DLGEzVmlz4;#3;Avernus;#3 - Avernus;weyi;307.21;weyi|https://youtu.be/e4D9jIV68HU?si=KKuNj3DLGEzVmlz4
https://youtu.be/RtkCY01Kf9g?si=R4TVi_hc90Icagn8;#4;Acheron;#4 - Acheron;weyi;287.82;weyi|https://youtu.be/RtkCY01Kf9g?si=R4TVi_hc90Icagn8
https://youtu.be/1ozophj8epk?si=CL6QruCam7WyIabQ;#5;Spectre;#5 - Spectre;weyi;269.65;weyi|https://youtu.be/1ozophj8epk?si=CL6QruCam7WyIabQ
https://youtu.be/8iAqdq5GmWg?si=VMS24dJyBoTd5n5W;#6;Defeated Circles;#6 - Defeated Circles;weyi;252.63;weyi|https://youtu.be/8iAqdq5GmWg?si=VMS24dJyBoTd5n5W
https://youtu.be/Q77oizsrAYo?si=ZlA935kNcJTAXqgA;#7;Kyouki;#7 - Kyouki;weyi;236.69;weyi|https://youtu.be/Q77oizsrAYo?si=ZlA935kNcJTAXqgA
https://youtu.be/x_5f9LJLKCg?si=Dr0XkReuXyFGUaId;#8;Slaughterhouse;#8 - Slaughterhouse;weyi;221.75;weyi|https://youtu.be/x_5f9LJLKCg?si=Dr0XkReuXyFGUaId
https://youtu.be/Wo2gh5crX6M?si=JSv7h2Vv57eqde1R;#9;The Lightning Rod;#9 - The Lightning Rod;deividg;207.75;deividg|https://youtu.be/Wo2gh5crX6M?si=JSv7h2Vv57eqde1R
https://youtu.be/fODpVAJH_40?si=ZbNxs5olmFISkiKP;#10;Sakupen Circles;#10 - Sakupen Circles;weyi;194.64;weyi|https://youtu.be/fODpVAJH_40?si=ZbNxs5olmFISkiKP
https://youtu.be/UWBd7rjhdvc?si=2xBGg4jAZgkLLKry;#11;Deimos;#11 - Deimos;weyi;182.73;weyi|https://youtu.be/UWBd7rjhdvc?si=2xBGg4jAZgkLLKry
https://youtu.be/qgI8dkMhY0Q?si=IWBBD_oyaOxCbSQb;#12;Firework;#12 - Firework;weyi;173.12;weyi|https://youtu.be/qgI8dkMhY0Q?si=IWBBD_oyaOxCbSQb
https://youtu.be/Hq_c4d-1VrE?si=NOy3k0KcOmjb6_f-;#13;Poocubed;#13 - Poocubed;weyi;164.02;weyi|https://youtu.be/Hq_c4d-1VrE?si=NOy3k0KcOmjb6_f-
https://youtu.be/8mtglT2VB6c?si=g1Qhoh1p-Z26Cg-w;#14;Calibrate;#14 - Calibrate;weyi;155.4;weyi|https://youtu.be/8mtglT2VB6c?si=g1Qhoh1p-Z26Cg-w
https://youtu.be/mbE4C6Ms2iM?si=ZhXX9p1h54PGtCHU;#15;MINUSdry;#15 - MINUSdry;weyi;147.23;weyi|https://youtu.be/mbE4C6Ms2iM?si=ZhXX9p1h54PGtCHU
https://youtu.be/PLuJhmUoo8Q?si=5tekPW8QTO49wLHM;#16;Saul Goodman;#16 - Saul Goodman;weyi;139.49;weyi|https://youtu.be/PLuJhmUoo8Q?si=5tekPW8QTO49wLHM
https://youtu.be/buCQ7BJxEYI?si=Un7hJzImJCPDqdfv;#17;The Hallucination;#17 - The Hallucination;weyi;132.16;weyi|https://youtu.be/buCQ7BJxEYI?si=Un7hJzImJCPDqdfv
https://youtu.be/9giTeRy_89Y?si=_wSFDNFjzb7BMBF4;#18;Edge of Destiny;#18 - Edge of Destiny;weyi;125.21;weyi|https://youtu.be/9giTeRy_89Y?si=_wSFDNFjzb7BMBF4
https://youtu.be/NbCyzSXCKm8?si=v9HzGdQ5QjKqRKTt;#19;Solar Flare;#19 - Solar Flare;weyi;118.63;weyi|https://youtu.be/NbCyzSXCKm8?si=v9HzGdQ5QjKqRKTt
https://youtu.be/0rzc3JbJ8A0?si=A6t33hdyuIwWaXOn;#20;Limbo;#20 - Limbo;besoe;112.39;besoe|https://youtu.be/0rzc3JbJ8A0?si=A6t33hdyuIwWaXOn
https://youtu.be/sW1nKXJoj2Q?si=UU-g8mkzXVjXThGG;#21;Infinite Chaos;#21 - Infinite Chaos;deividg;110.81;deividg|https://youtu.be/sW1nKXJoj2Q?si=UU-g8mkzXVjXThGG
https://youtu.be/2c9w7RgawyA?si=iM4QxAb0Gy007rmS;#22;Sonic Wave Infinity;#22 - Sonic Wave Infinity;weyi;109.38;weyi|https://youtu.be/2c9w7RgawyA?si=iM4QxAb0Gy007rmS
https://youtu.be/s-e73PDwp9Y?si=kVBlpBx6X_LKBU8S;#23;Tartarus;#23 - Tartarus;weyi;107.97;weyi|https://youtu.be/s-e73PDwp9Y?si=kVBlpBx6X_LKBU8S
https://youtu.be/dGbgWp6flN0?si=j_GYFh9nVUjlMPQE;#24;Delta;#24 - Delta;weyi;106.57;weyi|https://youtu.be/dGbgWp6flN0?si=j_GYFh9nVUjlMPQE
https://youtu.be/q1YH5fwncQQ?si=eH8zKsO9drpdlguB;#25;Natural Disaster;#25 - Natural Disaster;weyi;105.2;weyi|https://youtu.be/q1YH5fwncQQ?si=eH8zKsO9drpdlguB
https://youtu.be/WoZakysl1RQ?si=631BAEnG3wWT4ufW;#26;Oblivion;#26 - Oblivion;weyi;103.84;weyi|https://youtu.be/WoZakysl1RQ?si=631BAEnG3wWT4ufW
https://www.youtube.com/watch?v=PJplFx3Tkm8;#27;The Golden;#27 - The Golden;weyi;102.5;weyi|https://www.youtube.com/watch?v=PJplFx3Tkm8
https://www.youtube.com/watch?v=fSJ_LeopccE;#28;Verdant Landscape;#28 - Verdant Landscape;weyi;101.17;weyi|https://www.youtube.com/watch?v=fSJ_LeopccE
https://www.youtube.com/watch?v=TbiaveVDAic;#29;Shukketsu;#29 - Shukketsu;weyi;99.86;weyi|https://www.youtube.com/watch?v=TbiaveVDAic
https://youtu.be/eGz6hfG8k_E?si=qlJasgoQOVOlnRh4;#30;Blood Echo;#30 - Blood Echo;weyi;98.57;weyi|https://youtu.be/eGz6hfG8k_E?si=qlJasgoQOVOlnRh4
https://www.youtube.com/watch?v=-RwNdxqmpwE;#31;Trueffet;#31 - Trueffet;weyi;97.3;weyi|https://www.youtube.com/watch?v=-RwNdxqmpwE,deividg|https://youtu.be/EF7s3DIauD0?si=8SS79eOG7Y5rSag7
https://www.youtube.com/watch?v=-c8I0eNuUhY;#32;Kenos;#32 - Kenos;weyi;96.05;weyi|https://www.youtube.com/watch?v=-c8I0eNuUhY,guille,exo|https://youtu.be/f1xpB2Scsws?si=j4O4J9QedjSGsX8H
https://www.youtube.com/watch?v=N9jQvau_SH0;#33;Fragile;#33 - Fragile;weyi;94.8;weyi|https://www.youtube.com/watch?v=N9jQvau_SH0,taha
https://www.youtube.com/watch?v=JFir4XZcpHs;#34;Zodiac;#34 - Zodiac;weyi;93.58;weyi|https://www.youtube.com/watch?v=JFir4XZcpHs,guille|https://youtu.be/dULdFb-QNOE?si=1rG1prh060geHb4d
https://www.youtube.com/watch?v=y7jMc36zNJo;#35;Judgement Knights;#35 - Judgement Knights;weyi;92.37;weyi|https://www.youtube.com/watch?v=y7jMc36zNJo
https://youtu.be/T23cKVrO8ps?si=3jtEeIVWPUs5I_6i;#36;Cold Sweat;#36 - Cold Sweat;guille;90.31;guille|https://youtu.be/T23cKVrO8ps?si=3jtEeIVWPUs5I_6i,taha|https://youtu.be/Aocl-XyQ_Bw?si=p7SwvlWbarPvY5R8,deividg|https://youtu.be/24l80UERlzM?si=eYAYCn0mf7hwzIHw
https://www.youtube.com/watch?v=FdjCM9KsNCQ;#37;Frost Spirit;#37 - Frost Spirit;weyi;88.31;weyi|https://www.youtube.com/watch?v=FdjCM9KsNCQ
https://www.youtube.com/watch?v=Hl_X7fwG5J8;#38;Thinking Space;#38 - Thinking Space;weyi;86.34;weyi|https://www.youtube.com/watch?v=Hl_X7fwG5J8,deividg|https://youtu.be/BH1OSz9MgbI?si=ClSV8WumLG_G3NtG
https://www.youtube.com/watch?v=7Z1y86wQtaI;#39;Conclusion;#39 - Conclusion;weyi;84.42;weyi|https://www.youtube.com/watch?v=7Z1y86wQtaI
https://www.youtube.com/watch?v=z4DWhXBHL0M;#40;Sky Shredder;#40 - Sky Shredder;weyi;82.54;weyi|https://www.youtube.com/watch?v=z4DWhXBHL0M
https://www.youtube.com/watch?v=vAnIHh3FsMU;#41;Calculator Core;#41 - Calculator Core;nitro;80.71;nitro|https://www.youtube.com/watch?v=vAnIHh3FsMU
https://www.youtube.com/watch?v=GvEcE1iReSM;#42;Shimmer;#42 - Shimmer;weyi;78.91;weyi|https://www.youtube.com/watch?v=GvEcE1iReSM
https://www.youtube.com/watch?v=yqoI4TCmKdM;#43;Crimson Planet;#43 - Crimson Planet;guille;77.15;guille|https://www.youtube.com/watch?v=yqoI4TCmKdM,weyi|https://youtu.be/Fnf5LBe5Q68?si=DWKuofqAB-PgveRJ
https://www.youtube.com/watch?v=wsfDJhZp2RM;#44;ATOMIC CANNON MK II;#44 - ATOMIC CANNON MK II;weyi;75.44;weyi|https://www.youtube.com/watch?v=wsfDJhZp2RM
https://www.youtube.com/watch?v=vLX2ZhOLRyY;#45;Cognition;#45 - Cognition;nitro;73.76;nitro|https://www.youtube.com/watch?v=vLX2ZhOLRyY,weyi|https://www.youtube.com/watch?v=qqeJd34m8tA,taha|https://www.youtube.com/watch?v=t-W3bUQ6Wpo
https://youtu.be/TdIHqiqaULo?si=Vu2fzKgFQYYXbkTT;#46;Call Me Maybe;#46 - Call Me Maybe;parra;70.51;parra|https://youtu.be/TdIHqiqaULo?si=Vu2fzKgFQYYXbkTT
https://youtu.be/8xBZ-DpzrtE?si=US2dtNbDis_vz9le;#47;Omega Interface;#47 - Omega Interface;deividg;72.12;deividg|https://youtu.be/8xBZ-DpzrtE?si=US2dtNbDis_vz9le
https://www.youtube.com/watch?v=-7iVaY-p-sM;#48;Ragnarok;#48 - Ragnarok;nitro;68.94;nitro|https://www.youtube.com/watch?v=-7iVaY-p-sM
https://www.youtube.com/watch?v=LMCIaptpQQM;#49;Escape Room;#49 - Escape Room;weyi;67.41;weyi|https://www.youtube.com/watch?v=LMCIaptpQQM
https://www.youtube.com/watch?v=PW9S16YS15E;#50;No jokes;#50 - No jokes;weyi;65.91;weyi|https://www.youtube.com/watch?v=PW9S16YS15E
https://youtu.be/17JjhZe7_Oo?si=pcvPWB7Lxu7nAvZB;#51;Diamond Blade;#51 - Diamond Blade;guille;64.44;guille|https://youtu.be/17JjhZe7_Oo?si=pcvPWB7Lxu7nAvZB
https://www.youtube.com/watch?v=BuKzEBPZcAc&pp=ygUPbGZsZXggYmxvb2RsdXN0;#52;Bloodlust;#52 - Bloodlust;fle;63.01;fle|https://www.youtube.com/watch?v=BuKzEBPZcAc&pp=ygUPbGZsZXggYmxvb2RsdXN0,nitro|https://www.youtube.com/watch?v=UigHn3AWb1M,guille|https://youtu.be/-HS9YnJcLr4?si=OEq2PvMwAqiYm_VK
https://www.youtube.com/watch?v=lsQZjU7ShB8;#53;Jesse Pinkman;#53 - Jesse Pinkman;weyi;61.61;weyi|https://www.youtube.com/watch?v=lsQZjU7ShB8
https://www.youtube.com/watch?v=k117h9HUt6s&t=187s&pp=ygUQZ3VpbGxlc3RlciBuaGVsdg%3D%3D;#54;Nhelv;#54 - Nhelv;guille;60.24;guille|https://www.youtube.com/watch?v=k117h9HUt6s&t=187s&pp=ygUQZ3VpbGxlc3RlciBuaGVsdg%3D%3D,besoe|https://www.youtube.com/watch?v=waF9vZQ79OQ&pp=ygUKemlvbiBuaGVsdg%3D%3D,deividg|https://youtu.be/1W9usJUFVxI?si=wLChnhvN443ff9Xr
https://www.youtube.com/watch?v=jGTonIHhvRw&pp=ygUXZ3VpbGxlc3RlciBjb25ncmVnYXRpb24%3D;#55;Congregation;#55 - Congregation;guille;58.9;guille|https://www.youtube.com/watch?v=jGTonIHhvRw&pp=ygUXZ3VpbGxlc3RlciBjb25ncmVnYXRpb24%3D
https://www.youtube.com/watch?v=2qszqjT7pDk;#56;Aronia;#56 - Aronia;nitro;57.58;nitro|https://www.youtube.com/watch?v=2qszqjT7pDk
https://www.youtube.com/watch?v=UUBt8gGrYVY;#57;Sigma;#57 - Sigma;nitro;56.45;nitro|https://www.youtube.com/watch?v=UUBt8gGrYVY,deividg|https://youtu.be/x8LW0M99Dic?si=LgUvbKaejE8LRcGW
https://youtu.be/B-SAmFidV_4?si=fIOemkzgauUD_0Nr;#58;Knights of Thunder;#58 - Knights of Thunder;weyi;55.35;weyi|https://youtu.be/B-SAmFidV_4?si=fIOemkzgauUD_0Nr
https://www.youtube.com/watch?v=Kn1Y9mrCCRA;#59;ATOMIC CANNON;#59 - ATOMIC CANNON;weyi;54.28;weyi|https://www.youtube.com/watch?v=Kn1Y9mrCCRA,taha|https://www.youtube.com/watch?v=91OgAQZj7j0
https://youtu.be/wwTRsFq5odI?si=SqHRkw0GUZnBaWxf;#60;Ouroboros;#60 - Ouroboros;guille;53.24;guille|https://youtu.be/wwTRsFq5odI?si=SqHRkw0GUZnBaWxf
https://www.youtube.com/watch?v=SQ_UlW57_kU;#61;kowareta;#61 - kowareta;weyi;52.23;weyi|https://www.youtube.com/watch?v=SQ_UlW57_kU,taha|https://www.youtube.com/watch?v=mgTjwI3JejM&pp=ygUPdGFoaW5vIGtvd2FyZXRh0gcJCQMKAYcqIYzv
https://youtu.be/P8GpfK3UAAA?si=ocD3v1mnaxdFFUvI;#62;The Yandere;#62 - The Yandere;guille;51.24;guille|https://youtu.be/P8GpfK3UAAA?si=ocD3v1mnaxdFFUvI
https://www.youtube.com/watch?v=gfCoDAiquK8&pp=ygUUdGFoaW5vIGFyY3RpYyBsaWdodHM%3D;#63;Arctic Lights;#63 - Arctic Lights;taha;50.28;taha|https://www.youtube.com/watch?v=gfCoDAiquK8&pp=ygUUdGFoaW5vIGFyY3RpYyBsaWdodHM%3D,guille,deividg|https://youtu.be/M29wJ-kmd58?si=ibq8LjRpDT6sZdGI
https://www.youtube.com/watch?v=bUuEvLXh7_Y&pp=ygUbZGVhdGggY29ycmlkb3IgeiBndWlsbGVzdGVy;#64;Death Corridor Z;#64 - Death Corridor Z;guille;49.35;guille|https://www.youtube.com/watch?v=bUuEvLXh7_Y&pp=ygUbZGVhdGggY29ycmlkb3IgeiBndWlsbGVzdGVy
https://www.youtube.com/watch?v=M1emwO3QYwc&t=67s;#65;Theory of Silent;#65 - Theory of Silent;guille;48.44;guille|https://www.youtube.com/watch?v=M1emwO3QYwc&t=67s
https://www.youtube.com/watch?v=aNzy5vJkDpY&pp=ygUZbW9sbmkgcGxhc21hIHB1bHNlIGZpbmFsZQ%3D%3D;#66;Plasma Pulse Finale;#66 - Plasma Pulse Finale;molni;47.55;molni|https://www.youtube.com/watch?v=aNzy5vJkDpY&pp=ygUZbW9sbmkgcGxhc21hIHB1bHNlIGZpbmFsZQ%3D%3D,nitro|https://www.youtube.com/watch?v=8l9Cuywq87Y,guille|https://youtu.be/uQbcXzfXFA8?si=NEn65z9-S2bf84YV
https://www.youtube.com/watch?v=Pz-hJWtXUuY;#67;Spectrum Cyclone;#67 - Spectrum Cyclone;nitro;46.69;nitro|https://www.youtube.com/watch?v=Pz-hJWtXUuY
https://www.youtube.com/watch?v=e7R62pbqjmk;#68;Eternal Moment;#68 - Eternal Moment;weyi;45.85;weyi|https://www.youtube.com/watch?v=e7R62pbqjmk
https://youtu.be/uQbcXzfXFA8?si=NEn65z9-S2bf84YV;#69;Gamma;#69 - Gamma;guille;45.04;guille|https://youtu.be/uQbcXzfXFA8?si=NEn65z9-S2bf84YV
https://www.youtube.com/watch?v=bduS_B6xKBc;#70;Spacial Rend;#70 - Spacial Rend;nitro;44.24;nitro|https://www.youtube.com/watch?v=bduS_B6xKBc,deividg|https://youtu.be/TGAz9A7x1M4?si=jx_Akv_e7QjQ7Wo8
https://www.youtube.com/watch?v=b9wL_3irsAk;#71;Wasureta;#71 - Wasureta;weyi;43.47;weyi|https://www.youtube.com/watch?v=b9wL_3irsAk,taha|https://www.youtube.com/watch?v=awz2WFqiOxw&pp=ygUPdGFoaW5vIHdhc3VyZXRh,deividg|https://youtu.be/GgQP40sfjpg?si=dAPuTqfsw7FidWHY
https://www.youtube.com/watch?v=o8BjiZE1p_k;#72;Macabre;#72 - Macabre;nitro;42.72;nitro|https://www.youtube.com/watch?v=o8BjiZE1p_k,molni|https://www.youtube.com/watch?v=FOT0pVIqeUE&pp=ygUNbW9sbmkgbWFjYWJyZQ%3D%3D
https://www.youtube.com/watch?v=B3XG2s2rgXE&pp=ygUabW9sbmkgY3liZXJuZXRpYyBjY3Jlc2NlbnQ%3D;#73;Cybernetic Crescent;#73 - Cybernetic Crescent;molni;41.99;molni|https://www.youtube.com/watch?v=B3XG2s2rgXE&pp=ygUabW9sbmkgY3liZXJuZXRpYyBjY3Jlc2NlbnQ%3D|guille
https://www.youtube.com/watch?v=JjO0MBCjtPQ;#74;Ocular Miracle;#74 - Ocular Miracle;guille;41.28;guille|https://www.youtube.com/watch?v=JjO0MBCjtPQ
https://www.youtube.com/watch?v=pLXeIP0r9zU&pp=ygUQbGZsZXggc29uaWMgd2F2ZQ%3D%3D;#75;Sonic Wave;#75 - Sonic Wave;fle;40.58;fle|https://www.youtube.com/watch?v=pLXeIP0r9zU&pp=ygUQbGZsZXggc29uaWMgd2F2ZQ%3D%3D,nitro|https://youtu.be/eNMTcqFBNS4?si=6jnTESZ6NucaSRhY,exo|https://youtu.be/4dhLIY_CP7Y?si=c1w2qHaLVwdCy9lT,taron|https://youtu.be/Tn1y_cQMXlk?si=uOZy-Qzi4wqxRCYh,weyi|https://www.youtube.com/watch?v=cVxXoM5TmgU,guille|https://www.youtube.com/watch?v=Qs1C-LXCZB8&t=1s,besoe,gryllex|https://youtu.be/nmtERkODk3Y?si=gC7kPIbdXL-UKViR
https://www.youtube.com/watch?v=bNso2uivhvI;#76;Shmarley Ville;#76 - Shmarley Ville;weyi;39.91;weyi|https://www.youtube.com/watch?v=bNso2uivhvI
https://www.youtube.com/watch?v=cU2WDgZCZCA;#77;Yatagarasu;#77 - Yatagarasu;guille;39.25;guille|https://www.youtube.com/watch?v=cU2WDgZCZCA,nitro|https://www.youtube.com/watch?v=YIW2xcPidSk&pp=0gcJCQMKAYcqIYzv,deividg|https://youtu.be/HqbqIAWyQRc?si=F8qvs8IxpowgNa9S
https://www.youtube.com/watch?v=cdXxPXqx9YU;#78;Kuzureta;#78 - Kuzureta;weyi;38.61;weyi|https://www.youtube.com/watch?v=cdXxPXqx9YU
https://www.youtube.com/watch?v=HkVN5cu318Y&t=31s&pp=ygUKZXhvcnN1cyB4bw%3D%3D;#79;xo;#79 - xo;exo;37.99;exo|https://www.youtube.com/watch?v=HkVN5cu318Y&t=31s&pp=ygUKZXhvcnN1cyB4bw%3D%3D,guille|https://youtu.be/Exjyu_DVpWQ?si=J7khAlURspPWKV-M,besoe|https://youtu.be/ByyqNckg13s?si=qlrteKAwBUSmfV4H
https://www.youtube.com/watch?v=rcwQA1JfCfc;#80;Titan Complex;#80 - Titan Complex;nitro;37.39;nitro|https://www.youtube.com/watch?v=rcwQA1JfCfc&pp=0gcJCQMKAYcqIYzv,guille
https://www.youtube.com/watch?v=rbzBoAOaVCU&pp=0gcJCQMKAYcqIYzv;#81;Freedom08;#81 - Freedom08;guille;36.8;guille|https://www.youtube.com/watch?v=rbzBoAOaVCU&pp=0gcJCQMKAYcqIYzv
https://www.youtube.com/watch?v=yLdcX1oIZec&pp=ygUMbGZsZXggZXJlYnVz0gcJCQMKAYcqIYzv;#82;Erebus;#82 - Erebus;fle;36.23;fle|https://www.youtube.com/watch?v=yLdcX1oIZec&pp=ygUMbGZsZXggZXJlYnVz0gcJCQMKAYcqIYzv,guille|https://www.youtube.com/watch?v=cjzJjtWdmVE,nitro|https://www.youtube.com/watch?v=6TuKdlGoTg0&t=7s&pp=0gcJCQMKAYcqIYzv,deividg|https://youtu.be/iICtXBSoT4A?si=wILujR4AhcBdXGTk
https://www.youtube.com/watch?v=Hx-Tvwil0z4&pp=ygUSZXhvcnN1cyBkYXJrIGZsYXJl;#83;Dark Flare;#83 - Dark Flare;exo;35.67;exo|https://www.youtube.com/watch?v=Hx-Tvwil0z4&pp=ygUSZXhvcnN1cyBkYXJrIGZsYXJl
https://youtu.be/FKipray5L2k?si=CLrJGlOLCn4QQhdg;#84;Ddiamond;#84 - Ddiamond;deividg;35.13;deividg|https://youtu.be/FKipray5L2k?si=CLrJGlOLCn4QQhdg
https://www.youtube.com/watch?v=0bKGvuPivhA&pp=ygUTZ3VpbGxlc3RlciB0YXB3cmVja9IHCQkDCgGHKiGM7w%3D%3D;#85;Tapwreck;#85 - Tapwreck;guille;34.6;guille|https://www.youtube.com/watch?v=0bKGvuPivhA&pp=ygUTZ3VpbGxlc3RlciB0YXB3cmVja9IHCQkDCgGHKiGM7w%3D%3D
https://youtu.be/mulFF1hntzc?si=eFMC1tGuac5sXxXW;#86;Devil Vortex;#86 - Devil Vortex;guille;34.08;guille|https://youtu.be/mulFF1hntzc?si=eFMC1tGuac5sXxXW,deividg|https://youtu.be/SnQalhTA550?si=_enyQ9-Z81-82Hl1
https://www.youtube.com/watch?v=rfnUZ5WCMoo;#87;Aftercatabath;#87 - Aftercatabath;guille;33.58;guille|https://www.youtube.com/watch?v=rfnUZ5WCMoo
https://youtu.be/q5ODkrW2uLA?si=okB67KM6kzkP53XN;#88;Lucid Chaos;#88 - Lucid Chaos;exo;33.1;exo|https://youtu.be/q5ODkrW2uLA?si=r0_i1KBHwQaBDzBH
https://www.youtube.com/watch?v=ODi2BBSN-Sw&pp=ygURd2V5b2xsbDMgY2F0YWx5emXSBwkJAwoBhyohjO8%3D;#89;Catalyze;#89 - Catalyze;nitro;32.62;nitro|https://www.youtube.com/watch?v=ODi2BBSN-Sw&pp=ygURd2V5b2xsbDMgY2F0YWx5emXSBwkJAwoBhyohjO8%3D,weyi|https://i.ytimg.com/an_webp/ODi2BBSN-Sw/mqdefault_6s.webp?du=3000&sqp=CICk68gG&rs=AOn4CLAIOtBMD7xlwb3Gol3OaoOBdqw6nw,deividg|https://youtu.be/ufLodC7HBiU?si=S5kTsRlumej22aSf
https://www.youtube.com/watch?v=QStqVWwcnsM&t=410s;#90;River Styx;#90 - River Styx;guille;32.16;guille|https://www.youtube.com/watch?v=QStqVWwcnsM&t=410s
https://www.youtube.com/watch?v=nNwPV15fOGA;#91;Digital Descent;#91 - Digital Descent;nitro;31.71;nitro|https://www.youtube.com/watch?v=nNwPV15fOGA,molni|https://www.youtube.com/watch?v=dLeGHeDIvg4,weyi|https://www.youtube.com/watch?v=Jl-alneEDes&t=1s,nico|https://www.youtube.com/watch?v=E4KE4-T0x0M&pp=ygUTbmljIGRpZ2l0YWwgZGVzY2VudA%3D%3D,guille|https://youtu.be/mulFF1hntzc?si=aCokhpFlNjqaqLtJ
https://youtu.be/mulFF1hntzc?si=aCokhpFlNjqaqLtJ;#92;Cadrega City;#92 - Cadrega City;guille;31.28;guille|https://youtu.be/mulFF1hntzc?si=aCokhpFlNjqaqLtJ
https://www.youtube.com/watch?v=1VoisERJ_pY&pp=ygUXZXhvcnN1cyBzdGFsZW1hdGUgcmVkdXg%3D;#93;Stalemate Redux;#93 - Stalemate Redux;exo;30.85;exo|https://www.youtube.com/watch?v=1VoisERJ_pY&pp=ygUXZXhvcnN1cyBzdGFsZW1hdGUgcmVkdXg%3D,guille|https://youtu.be/uQbcXzfXFA8?si=NEn65z9-S2bf84YV
https://youtu.be/mulFF1hntzc?si=eFMC1tGuac5sXxXW;#94;Zaphkiel;#94 - Zaphkiel;guille;30.44;guille|https://youtu.be/mulFF1hntzc?si=eFMC1tGuac5sXxXW
https://www.youtube.com/watch?v=_nOvs0_uwSk&pp=ygUQZ3VpbGxlc3RlciBhYWJlbA%3D%3D;#95;ABEL;#95 - ABEL;guille;30.04;guille|https://www.youtube.com/watch?v=_nOvs0_uwSk&pp=ygUQZ3VpbGxlc3RlciBhYWJlbA%3D%3D,deividg|https://youtu.be/8rGrujFjF-4?si=umLTB1XTw5Z8zCwu
https://www.youtube.com/watch?v=CHacSMbixfY;#96;Omicron;#96 - Omicron;nitro;29.65;nitro|https://www.youtube.com/watch?v=CHacSMbixfY
https://www.youtube.com/watch?v=UxKZ71AuO3w;#97;Delta Interface;#97 - Delta Interface;guille;29.26;guille|https://www.youtube.com/watch?v=UxKZ71AuO3w,deividg|https://youtu.be/GWCJe9GBdus?si=umcpxrLMqsqLpmuY
https://www.youtube.com/watch?v=oMHIeTPC98Y&pp=ygUSZ3VpbGxlc3RlciBraWxsYm90;#98;Killbot;#98 - Killbot;guille;28.89;guille|https://www.youtube.com/watch?v=oMHIeTPC98Y&pp=ygUSZ3VpbGxlc3RlciBraWxsYm90
https://www.youtube.com/watch?v=y9sNa_aX3uw&t=4s;#99;Artificial Ascent;#99 - Artificial Ascent;fle;28.53;fle|https://www.youtube.com/watch?v=y9sNa_aX3uw&t=4s,nitro|https://www.youtube.com/watch?v=iusYBW2SUC0&t=2s,molni|https://www.youtube.com/watch?v=SBaGIdaKvA8,zalex,weyi|https://www.youtube.com/watch?v=DolFp1JuHDw,guille,hail|https://youtu.be/_JvDR_59VBw?si=5iCaoI_9plQ4GzwM
https://youtu.be/uQbcXzfXFA8?si=NEn65z9-S2bf84YV;#100;Fabrication;#100 - Fabrication;guille;28.18;guille|https://youtu.be/uQbcXzfXFA8?si=NEn65z9-S2bf84YV
https://youtu.be/QStqVWwcnsM?si=4QuKFDvPpH8yHh_m;#101;Stereo Extremeness;#101 - Stereo Extremeness;guille;27.84;guille|https://youtu.be/QStqVWwcnsM?si=4QuKFDvPpH8yHh_m
https://youtu.be/PguwBrC57ys?si=jlcqKUB43S0xwatA;#102;Low Death;#102 - Low Death;guille;27.51;guille|https://youtu.be/PguwBrC57ys?si=rojbrZ-Vn4BhS6kJ
https://www.youtube.com/watch?v=4Mnj0zws7Hw;#103;Step to Hell;#103 - Step to Hell;nitro;27.18;nitro|https://www.youtube.com/watch?v=4Mnj0zws7Hw,guille|https://youtu.be/mulFF1hntzc?si=eFMC1tGuac5sXxXW
https://www.youtube.com/watch?v=bFQIzKb1as0&pp=ygUQZ3VpbGxlc3RlciAyIDEgMQ%3D%3D;#104;2 1 1;#104 - 2 1 1;guille;26.87;guille|https://www.youtube.com/watch?v=bFQIzKb1as0&pp=ygUQZ3VpbGxlc3RlciAyIDEgMQ%3D%3D,nitro|https://www.youtube.com/watch?v=eOPsWhaf0Ao
https://www.youtube.com/watch?v=W2ZCSswy9RA&pp=ygUWZ3VpbGxlc3RlciBuaWdodCByaWRlctIHCQkDCgGHKiGM7w%3D%3D;#105;Night Rider;#105 - Night Rider;guille;26.56;guille|https://www.youtube.com/watch?v=W2ZCSswy9RA&pp=ygUWZ3VpbGxlc3RlciBuaWdodCByaWRlctIHCQkDCgGHKiGM7w%3D%3D
https://www.youtube.com/watch?v=wfGIiAc06vQ&pp=ygUSZ3VpbGxlc3RlciBxdWFudHVt;#106;Quantum Processing;#106 - Quantum Processing;guille;26.26;guille|https://www.youtube.com/watch?v=wfGIiAc06vQ&pp=ygUSZ3VpbGxlc3RlciBxdWFudHVt,nitro|https://www.youtube.com/watch?v=WMaZ8BEzdrA&t=3s
https://www.youtube.com/watch?v=sWeruKgwDwc&pp=ygUcZ3VpbGxlc3RlciBpbnNhbmUgdGVjaG5pcXVlcw%3D%3D;#107;Insane Techniques;#107 - Insane Techniques;guille;25.97;guille|https://www.youtube.com/watch?v=sWeruKgwDwc&pp=ygUcZ3VpbGxlc3RlciBpbnNhbmUgdGVjaG5pcXVlcw%3D%3D,besoe|https://www.youtube.com/watch?v=H4TX6nOT43E&pp=ygUfaW5zYW5lIHRlY2huaXF1ZXMgZ2VvbWV0cnkgZGFzaA%3D%3D,deividg|https://youtu.be/X2_GIJqeT9M?si=y10uQDksrnePAtr1
https://www.youtube.com/watch?v=qW13m8Hm5M4;#108;Black Blizzard;#108 - Black Blizzard;guille;25.69;guille|https://www.youtube.com/watch?v=qW13m8Hm5M4,nitro|https://www.youtube.com/watch?v=-XnAfXkWG_U&t=12s,deividg|https://youtu.be/vjSCcdDNHW8?si=-JeRIdZnAZk1brRT
https://www.youtube.com/watch?v=t6pdg9cVelQ&pp=ygUQZXhvcnN1cyBldGhlcmVhbA%3D%3D;#109;Ethereal Artifice;#109 - Ethereal Artifice;exo;25.41;exo|https://www.youtube.com/watch?v=t6pdg9cVelQ&pp=0gcJCQMKAYcqIYzv,weyi|https://www.youtube.com/watch?v=NKnLZEA3Ih8&t=7s
https://www.youtube.com/watch?v=xOuiN-7MAoQ&t=7s;#110;Glowy;#110 - Glowy;guille;25.15;guille|https://www.youtube.com/watch?v=xOuiN-7MAoQ&t=7s
https://www.youtube.com/watch?v=PazjQwzEEFg&pp=ygUaYXN0cmFsIGRpdmluaXR5IGd1aWxsZXN0ZXI%3D;#111;Astral Divinity;#111 - Astral Divinity;guille;24.88;guille|https://www.youtube.com/watch?v=PazjQwzEEFg&pp=ygUaYXN0cmFsIGRpdmluaXR5IGd1aWxsZXN0ZXI%3D
https://www.youtube.com/watch?v=NbjyGbU-TaA;#112;Void Wave;#112 - Void Wave;nitro;24.63;nitro|https://www.youtube.com/watch?v=NbjyGbU-TaA
https://youtu.be/mulFF1hntzc?si=eFMC1tGuac5sXxXW;#113;Bausha Vortex;#113 - Bausha Vortex;nitro,guille;24.38;nitro,guille|https://youtu.be/mulFF1hntzc?si=eFMC1tGuac5sXxXW,deividg|https://youtu.be/X_kUKc3JCM8?si=mN1kCykoLU-LjEUO
https://www.youtube.com/watch?v=r1s94r9vNoo&t=29s&pp=ygUTZ3VpbGxlc3RlciBidXRpdGkgMw%3D%3D;#114;Butiti III;#114 - Butiti III;guille;24.14;guille|https://www.youtube.com/watch?v=r1s94r9vNoo&t=29s&pp=ygUTZ3VpbGxlc3RlciBidXRpdGkgMw%3D%3D
https://www.youtube.com/watch?v=2BwK_ngpdPA&pp=ygUXYmFsZW5ndSB2b3J0ZXggdmVyaWZpZWTSBwkJAwoBhyohjO8%3D;#115;Balengu Vortex;#115 - Balengu Vortex;nitro,deividg;23.91;nitro,deividg|https://youtu.be/Th8zF3BwPHQ?si=40q6g_xdBREq0gNL
https://youtu.be/uQbcXzfXFA8?si=NEn65z9-S2bf84YV;#116;The Hell Zone;#116 - The Hell Zone;guille;23.68;guille|https://youtu.be/uQbcXzfXFA8?si=NEn65z9-S2bf84YV
https://www.youtube.com/watch?v=96gUbghx3EU&pp=ygURZXhvcnN1cyB6aXJvaWthYmk%3D;#117;Ziroikabi;#117 - Ziroikabi;exo;23.46;exo|https://www.youtube.com/watch?v=96gUbghx3EU,guille|https://www.youtube.com/watch?v=E6KGWrfooT4,besoe|https://www.youtube.com/watch?v=96gUbghx3EU&pp=ygURZXhvcnN1cyB6aXJvaWthYmk%3D,deividg|https://youtu.be/XaFudAzfPRs?si=QcfYEhUWcTypJhwH
https://www.youtube.com/watch?v=mq5-I5UXZrQ&pp=ygURZ3VpbGxlc3RlciBoYXRyZWQ%3D;#118;Hatred;#118 - Hatred;guille;23.25;guille|https://www.youtube.com/watch?v=mq5-I5UXZrQ&pp=ygURZ3VpbGxlc3RlciBoYXRyZWQ%3D,deividg|https://youtu.be/07kbdJlhgcQ?si=_Qfu6uDBFmQ-nSuc
https://www.youtube.com/watch?v=LaKDlmF8inw;#119;Auditory Breaker;#119 - Auditory Breaker;nitro;23.04;nitro|https://www.youtube.com/watch?v=LaKDlmF8inw,exo|https://www.youtube.com/watch?v=Dtz1ptdSLiA&pp=ygUYZXhvcnN1cyBhdWRpdG9yeSBicmVha2Vy,guille|https://www.youtube.com/watch?v=Qs1C-LXCZB8&t=1s&pp=ygUUZ3VpbGxlc3RlciBzb25pYyB3YXY%3D,gryllex|https://youtu.be/jjj4WA2d2bc?si=rlnLJYhWu8ASLHbG
https://www.youtube.com/watch?v=ab01IS0MUG0;#120;Worse Trip;#120 - Worse Trip;nico;22.83;nico|https://www.youtube.com/watch?v=ab01IS0MUG0
https://www.youtube.com/watch?v=PqUblSZvow4&pp=ygUTZ3VpbGxlc3RlciBzdWJzb25pYw%3D%3D;#121;Subsonic;#121 - Subsonic;guille;22.63;guille|https://www.youtube.com/watch?v=PqUblSZvow4&pp=ygUTZ3VpbGxlc3RlciBzdWJzb25pYw%3D%3D,nitro|https://www.youtube.com/watch?v=9QSQR1ioegw,taha|https://youtu.be/Vpeg7CIn34g?si=y9l0mgupFSloIUOn,deividg|https://youtu.be/xw4vstw2TR0?si=OP-h92h0azM_hqg-
https://youtu.be/uQbcXzfXFA8?si=NEn65z9-S2bf84YV;#122;The Hell World;#122 - The Hell World;guille;22.44;guille|https://youtu.be/uQbcXzfXFA8?si=NEn65z9-S2bf84YV
https://www.youtube.com/watch?v=gz3-0zsiXYc&pp=ygURZ3VpbGxlc3RlciBlcmVidXM%3D;#123;ErebuS;#123 - ErebuS;guille;22.25;guille|https://www.youtube.com/watch?v=gz3-0zsiXYc,deividg|https://youtu.be/N215K0CNC1E?si=3IfKGBuTcI9Pn1zL
https://www.youtube.com/watch?v=gHRw1r-iclU;#124;Athanatos;#124 - Athanatos;molni;22.07;molni|https://www.youtube.com/watch?v=gHRw1r-iclU,guille|https://www.youtube.com/watch?v=J1ilUURf7Ns&pp=ygUUZ3VpbGxlc3RlciBhdGhhbmF0b3M%3D,nitro|https://www.youtube.com/watch?v=ctWjeuJa5n4&pp=0gcJCQMKAYcqIYzv,weyi|https://www.youtube.com/watch?v=vkbyJwol47w,deividg|https://youtu.be/fB5dlEvsFnM?si=55Ptq7hfOpRsPAr5
https://www.youtube.com/watch?v=TrXQBsMroHw&pp=ygUZZ3VpbGxlc3RlciBpbmZlcm5hbCBhYnlzcw%3D%3D;#125;Infernal Abyss;#125 - Infernal Abyss;guille;21.89;guille|https://www.youtube.com/watch?v=TrXQBsMroHw&pp=ygUZZ3VpbGxlc3RlciBpbmZlcm5hbCBhYnlzcw%3D%3D,exo|https://www.youtube.com/watch?v=GBVpHCZ6NjI,gryllex|https://youtu.be/B-4yd5GUApY?si=4g-9chTz7IdGudyE
https://youtu.be/uQbcXzfXFA8?si=NEn65z9-S2bf84YV;#126;Mystic;#126 - Mystic;guille;21.72;guille|https://youtu.be/uQbcXzfXFA8?si=NEn65z9-S2bf84YV
https://www.youtube.com/watch?v=2b8vXe7W8SM&pp=ygUUZ3VpbGxlc3RlciB3Y3JvcG9saXg%3D;#127;WcropoliX;#127 - WcropoliX;guille;21.55;guille|https://www.youtube.com/watch?v=2b8vXe7W8SM&pp=ygUUZ3VpbGxlc3RlciB3Y3JvcG9saXg%3D,deividg|https://youtu.be/uhSIAi0iZ8o?si=e98RdTQUen3Ti8Zp
https://youtu.be/uQbcXzfXFA8?si=NEn65z9-S2bf84YV;#128;The Hell Origin;#128 - The Hell Origin;guille;21.38;guille|https://youtu.be/uQbcXzfXFA8?si=NEn65z9-S2bf84YV
https://www.youtube.com/watch?v=GuJkgwNJ0UU&pp=ygUSZ3VpbGxlc3RlciBjYXJuYWdl;#129;Carnage Mode;#129 - Carnage Mode;guille;21.22;guille|https://www.youtube.com/watch?v=GuJkgwNJ0UU&pp=ygUSZ3VpbGxlc3RlciBjYXJuYWdl
https://www.youtube.com/watch?v=vsv4obeTKsc;#130;Asmodeus;#130 - Asmodeus;nitro;21.07;nitro|https://www.youtube.com/watch?v=vsv4obeTKsc,guille
https://www.youtube.com/watch?v=bowZ1d7ds3A&t=71s&pp=ygUbZ3VpbGxlc3RlciBibGFkZSBvZiBqdXN0aWNl;#131;Blade of Justice;#131 - Blade of Justice;guille;20.92;guille|https://www.youtube.com/watch?v=bowZ1d7ds3A&t=71s&pp=ygUbZ3VpbGxlc3RlciBibGFkZSBvZiBqdXN0aWNl,nitro|https://www.youtube.com/watch?v=jIvbcJa0TFQ,besoe|https://www.youtube.com/watch?v=b3kIRsS-sQc,rub|https://youtu.be/0vZ16OZm1w8?si=lc9Gb7yhEiv9f11z,gryllex|https://youtu.be/LrUYSlscy3E?si=w_OmgZwH0aEBlT_T,hail|https://youtu.be/hIyEN4_o5dM?si=g9VWow4c8mAe4cT8
https://www.youtube.com/watch?v=67J0Tff0c7g;#132;Freedom19;#132 - Freedom19;guille;20.77;guille|https://www.youtube.com/watch?v=67J0Tff0c7g
https://www.youtube.com/watch?v=10rWO7Bd5oQ&pp=ygUMbGZsZXggcGhvYm9z;#133;Phobos;#133 - Phobos;fle;20.63;fle|https://www.youtube.com/watch?v=10rWO7Bd5oQ&pp=ygUMbGZsZXggcGhvYm9z,guille|https://www.youtube.com/watch?v=zHebJMyD-l4&pp=ygURZ3VpbGxlc3RlciBwaG9ib3M%3D,nitro|https://www.youtube.com/watch?v=g0pdtLF_yFo,exo|https://www.youtube.com/watch?v=QJaKafuqWMo&pp=ygUOZXhvcnN1cyBwaG9ib3M%3D
https://www.youtube.com/watch?v=SPRzZ-ZiJXM&pp=ygUUZ3VpbGxlc3RlciBzaWxlbnRpdW3SBwkJAwoBhyohjO8%3D;#134;Silentium Gradas;#134 - Silentium Gradas;guille;20.49;guille|https://www.youtube.com/watch?v=SPRzZ-ZiJXM&pp=ygUUZ3VpbGxlc3RlciBzaWxlbnRpdW3SBwkJAwoBhyohjO8%3D
https://youtu.be/yJ8AYnzNY58?si=YMbVMvOjvuF3Mzct;#135;Sakupen Hell;#135 - Sakupen Hell;molni;20.35;molni|https://youtu.be/yJ8AYnzNY58?si=YMbVMvOjvuF3Mzct,fle|https://youtu.be/FYrVeGSbqM4?si=9ZOaWUslnXn5kXTg,guille|https://www.youtube.com/watch?v=H0JRUFFH3jc&pp=ygUSZ3VpbGxlc3RlciBzYWt1cGVu,exo|https://www.youtube.com/watch?v=bQE8VSpf7EI&pp=ygUPZXhvcnN1cyBzYWt1cGVu,taron,besoe|https://www.youtube.com/watch?v=H4TX6nOT43E,weyi|https://youtu.be/RuqKLdWxWAU?si=M-R8DNLO7zQaieiG,deividg|https://youtu.be/6X7CBmzh4io?si=ft-pscKnV4XmVZms
https://www.youtube.com/watch?v=ZXLU7C0vJz8&pp=0gcJCQMKAYcqIYzv;#136;Artifice;#136 - Artifice;nitro;20.22;nitro|https://www.youtube.com/watch?v=ZXLU7C0vJz8&pp=0gcJCQMKAYcqIYzv
https://youtu.be/Bb2fS-bUVzQ?si=NegEVtcLwLeo6RT3;#137;Betrayal of Fate;#137 - Betrayal of Fate;guille;20.09;guille|https://youtu.be/Bb2fS-bUVzQ?si=NegEVtcLwLeo6RT3,molni|https://youtu.be/nkfNd0Mx0iI?si=QtAzCIhPfbvWDVzz,nitro|https://www.youtube.com/watch?v=M7pFUgUas-Y,taron|https://youtu.be/MBE0HZjYiak?si=-RJnWkOdXLhB-qub,besoe|https://www.youtube.com/watch?v=EJLpCEjZc6M&pp=0gcJCQMKAYcqIYzv
https://www.youtube.com/watch?v=jp4If8T1ixs;#138;Fusion Z;#138 - Fusion Z;guille;19.97;guille|https://www.youtube.com/watch?v=jp4If8T1ixs
https://www.youtube.com/watch?v=csR31-AwxYI;#139;Carcano;#139 - Carcano;nico;19.84;nico|https://www.youtube.com/watch?v=csR31-AwxYI
https://www.youtube.com/watch?v=Af0HW18lgv8&pp=ygUOZXhvcnN1cyBlcHNpbG8%3D;#140;Epsilon;#140 - Epsilon;exo;19.73;exo|https://www.youtube.com/watch?v=Af0HW18lgv8&pp=ygUOZXhvcnN1cyBlcHNpbG8%3D,nitro|https://www.youtube.com/watch?v=KlUWuz45PX0
https://www.youtube.com/watch?v=-PAiB2Qwmag;#141;Atmosphere;#141 - Atmosphere;guille;19.61;guille|https://www.youtube.com/watch?v=-PAiB2Qwmag,parra|https://youtu.be/Tq9o6uyd7K4?si=RfrtHIDq6TbtutSV
https://www.youtube.com/watch?v=tH5avKOW2w4&pp=0gcJCQMKAYcqIYzv;#142;Game Over;#142 - Game Over;guille;19.5;guille|https://www.youtube.com/watch?v=tH5avKOW2w4&pp=0gcJCQMKAYcqIYzv
https://www.youtube.com/watch?v=ANFqEtEXCvo;#143;Under Lavaland;#143 - Under Lavaland;guille;19.39;guille|https://www.youtube.com/watch?v=ANFqEtEXCvo
https://youtu.be/_muRU7avJDc?si=RZgrIYsvuEWlj99A;#144;Bloodbath;#144 - Bloodbath;gonchus;19.28;gonchus|https://youtu.be/_muRU7avJDc?si=RZgrIYsvuEWlj99A,molni|https://youtu.be/qsFa-5fS9s8?si=JeHHXS6HoQgaEfKn|fle,guille|https://youtu.be/j6U4eA-aInw?si=A8JVUhOJyAbb1VgY,gryllex|https://youtu.be/rAr9ic3XKcQ?si=VLqWsdoMuSm1AexI,exo|https://youtu.be/Qn8W3HYb2vM?si=g7mV0mzCERoxkErh,nitro|https://www.youtube.com/watch?v=a_RnNulS-Fw,taron|https://youtu.be/_0fTS9Pvd9M?si=a9IGwqm559_8zw2d,zalex,jaimichu,weyi|https://www.youtube.com/watch?v=DolFp1JuHDw,besoe,nico|https://www.youtube.com/watch?v=FvWIU1mDE2U&t=5s,rub|https://www.youtube.com/watch?v=qr2Xa0g73Z4,gabo|https://youtu.be/CvxB8RJ70sw?si=esEBG9IHqE-4xMs2,hail|https://www.youtube.com/watch?v=oApdlZE54Y4,deividg,quique
https://www.youtube.com/watch?v=g_6N_9lc72I&t=2462s;#145;Eon;#145 - Eon;guille;19.18;guille|https://www.youtube.com/watch?v=g_6N_9lc72I&t=2462s
https://www.youtube.com/watch?v=0hh07Ie1Zjo;#146;Idols;#146 - Idols;guille;19.08;guille|https://www.youtube.com/watch?v=0hh07Ie1Zjo,nitro,zalex
https://www.youtube.com/watch?v=NMSbINW95Gw&t=163s&pp=ygUUZXhvcnN1cyBhenVyZSBmaWVzdGE%3D;#147;Azure Fiesta;#147 - Azure Fiesta;exo;18.98;exo|https://www.youtube.com/watch?v=NMSbINW95Gw&t=163s&pp=ygUUZXhvcnN1cyBhenVyZSBmaWVzdGE%3D
https://www.youtube.com/watch?v=89rnCRSLWbo;#148;Moment;#148 - Moment;nico;18.88;nico|https://www.youtube.com/watch?v=89rnCRSLWbo,guille,taha
https://www.youtube.com/watch?v=JKNYssqoH_0;#149;ATMarbl;#149 - ATMarbl;guille;18.79;guille|https://www.youtube.com/watch?v=JKNYssqoH_0
https://youtu.be/9CI0Z2z_L30?si=G7HYqYr7AU1ll43w;#150;The Hell Factory;#150 - The Hell Factory;molni;18.7;molni|https://youtu.be/9CI0Z2z_L30?si=G7HYqYr7AU1ll43w,guille|https://youtu.be/VxuqCbE9kBk?si=KtaYfrTTdIam9acx,exo|https://www.youtube.com/watch?v=5HWWKPsoV_w,deividg|https://youtu.be/1WtK3bGOtac?si=QOnzn4rvaWMxKpTN
https://www.youtube.com/watch?v=giWExAEofUQ;#151;Down Bass;#151 - Down Bass;guille;0;guille|https://www.youtube.com/watch?v=giWExAEofUQ,deividg|https://youtu.be/G_eEAyw6uIg?si=Me5_bhDWaY4HS4s_
https://www.youtube.com/watch?v=tJ_z7QI0gdc&t=113s;#152;Prismatic Haze;#152 - Prismatic Haze;guille;0;guille|https://www.youtube.com/watch?v=tJ_z7QI0gdc&t=113s,weyi|https://www.youtube.com/watch?v=C0mNjlABStY,taha,deividg|https://youtu.be/F7vsaVkpWGg?si=EOLO4JMrgUc_omLC
https://youtu.be/niaSJT1CiEU?si=JoryuVcvSWGLKAvY;#153;Heavens Door;#153 - Heavens Door;parra;0;parra|https://youtu.be/niaSJT1CiEU?si=JoryuVcvSWGLKAvY
https://youtu.be/A7bSpmdDiMk?si=t0txlEohVhpLpHiU;#154;A Bizarre Phantasm;#154 - A Bizarre Phantasm;molni;0;molni|https://youtu.be/A7bSpmdDiMk?si=t0txlEohVhpLpHiU,nitro|https://youtu.be/CCqn1OJezh4?si=fg6wKHAeHsFPvBHM,guille|https://youtu.be/TaQLM3z4PDg?si=0TrDzj_RY-yfslKs,taha|https://www.youtube.com/watch?v=A_hU-1a0bIk&t=63s,deividg|https://youtu.be/6rthpnSsDzA?si=fhJy8pOO0KBZXeST
https://www.youtube.com/watch?v=rgmhcWTug1g;#155;Artificial ideology;#155 - Artificial ideology;guille;0;guille|https://www.youtube.com/watch?v=rgmhcWTug1g,deividg|https://youtu.be/WrxjhsVDwCE?si=uc8zDckv_WEfeVLD
https://www.youtube.com/watch?v=sNd_3I2iu4Y;#156;Conical Depression;#156 - Conical Depression;guille;0;guille|https://www.youtube.com/watch?v=sNd_3I2iu4Y,molni|https://youtu.be/TJLVp4PQW_U?si=BHtSx1cNfP8cn2WW,fle|https://youtu.be/D_z40svxdqM?si=j_NvmUnDRr3hd-sz,exo|https://www.youtube.com/watch?v=XPKmpLGFZhY,deividg|https://youtu.be/zOO2BQqKDqQ?si=Arfj5xq5thRtml4a
https://youtu.be/Adn-v6ncFjA?si=NyaHCaQrt7RU8LxC;#157;Triple Six;#157 - Triple Six;deividg;0;deividg|https://youtu.be/Adn-v6ncFjA?si=NyaHCaQrt7RU8LxC
https://www.youtube.com/watch?v=B0ledKjMELQ;#158;Aurora;#158 - Aurora;guille;0;guille|https://www.youtube.com/watch?v=B0ledKjMELQ,exo
https://www.youtube.com/watch?v=KXtn80GWV6Q;#159;Arctic Arena;#159 - Arctic Arena;guille;0;guille|https://www.youtube.com/watch?v=KXtn80GWV6Q
https://www.youtube.com/watch?v=6W_gvuUoxV0&pp=ygUVYWZ0ZXJtYXRoIGdvbmNodXN0aW1l;#160;Aftermath;#160 - Aftermath;gonchus;0;gonchus|https://www.youtube.com/watch?v=6W_gvuUoxV0&pp=ygUVYWZ0ZXJtYXRoIGdvbmNodXN0aW1l,molni|https://youtu.be/S8qPI_necm8?si=o2HCgQBZIqb8OiV3,guille|https://youtu.be/p-78KT0k4_A?si=dADnHr7nzTzEt2mC,fle|https://youtu.be/D5As10UQCgM?si=EQE9qogGHASfXVlZ,nitro|https://www.youtube.com/watch?v=OvlLMuUot2c,exo|https://www.youtube.com/watch?v=eTYFHjHhr1U,taron|https://youtu.be/eSRTRWsLgRQ?si=Y2t3vDRoo4QpVH36,weyi|https://www.youtube.com/watch?v=9Yjmr3mp7yM,besoe,nico|https://www.youtube.com/watch?v=msTnCobDpfM,hail|https://youtu.be/yQZClPvW8RI?si=EYb3IwrLG49xqZcs,deividg|https://youtu.be/mHSX8zwwgrY?si=YydrcXy7k3i_6snj,taha|https://youtu.be/EqW4H5a59e8?si=YqNlRoSOLCx9nG8G,gryllex|https://youtu.be/N1_gqeScW2Q?si=doSf7DOO6-fXzXck
https://www.youtube.com/watch?v=RUutvpGUuAA;#161;Sigma Interface;#161 - Sigma Interface;guille;0;guille|https://www.youtube.com/watch?v=RUutvpGUuAA,weyi|https://www.youtube.com/watch?v=5xAz9r8Ydtw,deividg|https://youtu.be/mhkgwY7Xbbw?si=W1r5kuSyTFZTWrMj
https://www.youtube.com/watch?v=mkVV7bdwNnM;#162;Penultimate Phase;#162 - Penultimate Phase;guille;0;guille|https://www.youtube.com/watch?v=mkVV7bdwNnM
https://www.youtube.com/watch?v=8bg9vUXwEOE;#163;Annihilation Nation;#163 - Annihilation Nation;guille;0;guille|https://www.youtube.com/watch?v=8bg9vUXwEOE,exo|https://www.youtube.com/watch?v=jN7Zqnlf2Gc,deividg|https://youtu.be/0xrEWbqe0wE?si=wBNAjsJ-yoTF0WBA
https://www.youtube.com/watch?v=PhPUxY69HHk&t=167s;#164;Plasma Pulse III;#164 - Plasma Pulse III;molni;0;molni|https://www.youtube.com/watch?v=PhPUxY69HHk&t=167s,guille|https://www.youtube.com/watch?v=pmNZAIf6U5c,nitro|https://www.youtube.com/watch?v=ugq_S5shjKQ,exo|https://www.youtube.com/watch?v=xp_ItJ9mumQ&pp=ygUOZXhvcnN1cyBwbGFzbWE%3D,fle,weyi|https://youtu.be/9Ax1h0rTxbM?si=FRXYjDf5Cwu5as2h,deividg|https://youtu.be/o8Rp8G2XbjI?si=S1ZgJMGMMrY2D1v_
https://youtu.be/yq58ZQI4zPM?si=qxdZZqam_JfoH5w6;#165;Novalis;#165 - Novalis;gryllex;0;gryllex|https://youtu.be/yq58ZQI4zPM?si=qxdZZqam_JfoH5w6,guille|https://www.youtube.com/watch?v=iNf3IcnGY_8,nitro,molni
https://www.youtube.com/watch?v=_yM4ky-WfB4&t=6s;#166;The Hell Dignity;#166 - The Hell Dignity;guille;0;guille|https://www.youtube.com/watch?v=_yM4ky-WfB4&t=6s,deividg|https://youtu.be/BVy_VSEr0lA?si=SpzFqTB3u53OU2S7
https://www.youtube.com/watch?v=QyOgL-0AlhY;#167;Digital Disarray;#167 - Digital Disarray;guille;0;guille|https://www.youtube.com/watch?v=QyOgL-0AlhY
https://www.youtube.com/watch?v=y_dzJa5nzHk;#168;Twisted Tranquility;#168 - Twisted Tranquility;guille;0;guille|https://www.youtube.com/watch?v=y_dzJa5nzHk,zalex 
https://youtu.be/JaZnDXISg1I?si=vH9hnpB8Lm77VmAu;#169;Cat Planet;#169 - Cat Planet;deividg;0;deividg|https://youtu.be/JaZnDXISg1I?si=vH9hnpB8Lm77VmAu
https://youtu.be/Y6XIiwan5YI?si=XuENs5mTob0ByrsI;#170;Niflheim;#170 - Niflheim;guille;0;guille|https://youtu.be/Y6XIiwan5YI?si=XuENs5mTob0ByrsI
https://www.youtube.com/watch?v=sdVfmKn_bZA&t=7s&pp=0gcJCQMKAYcqIYzv;#171;Panasonic;#171 - Panasonic;guille;0;guille|https://www.youtube.com/watch?v=sdVfmKn_bZA&t=7s&pp=0gcJCQMKAYcqIYzv
https://www.youtube.com/watch?v=oDiBIehcuyk;#172;Fingerdash v3;#172 - Fingerdash v3;guille;0;guille|https://www.youtube.com/watch?v=oDiBIehcuyk
https://www.youtube.com/watch?v=Mry3Kh8m7lw;#173;Audio Extraction;#173 - Audio Extraction;guille;0;guille|https://www.youtube.com/watch?v=Mry3Kh8m7lw
https://www.youtube.com/watch?v=uV1cAHujcXM;#174;Concaved Memories;#174 - Concaved Memories;nitro;0;nitro|https://www.youtube.com/watch?v=uV1cAHujcXM
https://www.youtube.com/watch?v=WOdCBs8Rb04;#175;Heat Wave;#175 - Heat Wave;guille;0;guille|https://www.youtube.com/watch?v=WOdCBs8Rb04
https://www.youtube.com/watch?v=ZWGUoDdOtcs;#176;Glide;#176 - Glide;guille;0;guille|https://www.youtube.com/watch?v=ZWGUoDdOtcs
https://www.youtube.com/watch?v=zHDWkqCSbF0&t=7s;#177;Heartbeat;#177 - Heartbeat;guille;0;guille|https://www.youtube.com/watch?v=zHDWkqCSbF0&t=7s,deividg|https://youtu.be/Q0Ujsf4uxaw?si=IfkDjx0Lo9GqLV2v
https://youtu.be/Y5kFPLWhoZU?si=135CaGsp0DAKUtKW;#178;Daydream;#178 - Daydream;deividg;0;deividg|https://youtu.be/Y5kFPLWhoZU?si=135CaGsp0DAKUtKW
https://youtu.be/TtSbxpFx5Ts?si=hF0teR_mMCavQE0X;#179;Exotic Energy;#179 - Exotic Energy;deividg;0;deividg|https://youtu.be/TtSbxpFx5Ts?si=hF0teR_mMCavQE0X
https://youtu.be/7y6abtIgYs0?si=YDIscyDMfhKwPGRP;#180;The Ultimate Return;#180 - The Ultimate Return;deividg;0;deividg|https://youtu.be/7y6abtIgYs0?si=YDIscyDMfhKwPGRP
https://www.youtube.com/watch?v=jBEpUr7RICk&pp=ygUcaHlkcmF1bGljIG92ZXJkcml2ZSBzaG93Y2FzZQ%3D%3D;#181;Hydraulic Overdrive;#181 - Hydraulic Overdrive;guille;0;guille|
https://www.youtube.com/watch?v=4AfnQHZrXzY&pp=0gcJCQMKAYcqIYzv;#182;Violently X;#182 - Violently X;guille;0;guille|https://www.youtube.com/watch?v=4AfnQHZrXzY&pp=0gcJCQMKAYcqIYzv
https://www.youtube.com/watch?v=1f8eIbYwSa0;#183;Pumped Up Kicks;#183 - Pumped Up Kicks;guille;0;guille|https://www.youtube.com/watch?v=1f8eIbYwSa0
https://www.youtube.com/watch?v=3BRDR_Vkavo&t=76s;#184;A2Marbl;#184 - A2Marbl;guille;0;guille|https://www.youtube.com/watch?v=3BRDR_Vkavo&t=76s,taha
https://www.youtube.com/watch?v=3BRDR_Vkavo&t=76s;#185;Another Phase;#185 - Another Phase;guille;0;guille|https://www.youtube.com/watch?v=3BRDR_Vkavo&t=76s
https://www.youtube.com/watch?v=2vmsIQQhWGk;#186;Elite Z Rebirth;#186 - Elite Z Rebirth;guille;0;guille|https://www.youtube.com/watch?v=2vmsIQQhWGk,josele|https://www.youtube.com/watch?v=2vmsIQQhWGk,exo
https://youtu.be/9Ax1h0rTxbM?si=FRXYjDf5Cwu5as2h;#187;I NEVER DREAM;#187 - I NEVER DREAM;weyi;0;weyi|https://youtu.be/9Ax1h0rTxbM?si=FRXYjDf5Cwu5as2h
https://www.youtube.com/watch?v=rkIZnJk01aQ&pp=ygUVZ3VpbGxlc3RlciBhcm1hZ2dlZG9u;#188;Armaggedon;#188 - Armaggedon;guille;0;guille|https://www.youtube.com/watch?v=rkIZnJk01aQ&pp=ygUVZ3VpbGxlc3RlciBhcm1hZ2dlZG9u
https://www.youtube.com/watch?v=lz5g8sC8pMY;#189;NecropoliX;#189 - NecropoliX;guille;0;guille|https://www.youtube.com/watch?v=lz5g8sC8pMY
https://www.youtube.com/watch?v=BgjihZTLOCA;#190;Subversive;#190 - Subversive;guille;0;guille|https://www.youtube.com/watch?v=BgjihZTLOCA,hail|https://www.youtube.com/watch?v=t1EzhzgG5-M&pp=ygUQemhhaWwgc3VidmVyc2l2ZQ%3D%3D
https://youtu.be/Jy2BLJUDWe4?si=UEJie3x1NXIjS-fg;#191;Nowdead;#191 - Nowdead;deividg;0;deividg|https://youtu.be/Jy2BLJUDWe4?si=UEJie3x1NXIjS-fg
https://www.youtube.com/watch?v=TPP3mH9032U;#192;Artificial Dream;#192 - Artificial Dream;guille;0;guille|https://www.youtube.com/watch?v=TPP3mH9032U,zalex 
https://www.youtube.com/watch?v=ZV590RxANVM&t=11s;#193;The Antimatter;#193 - The Antimatter;guille;0;guille|https://www.youtube.com/watch?v=ZV590RxANVM&t=11s
https://www.youtube.com/watch?v=iaFTuRslgrU;#194;Fexty;#194 - Fexty;guille;0;guille|https://www.youtube.com/watch?v=iaFTuRslgrU
https://www.youtube.com/watch?v=ZX9XET_Pu6Q;#195;Quadratic Function;#195 - Quadratic Function;guille;0;guille|https://www.youtube.com/watch?v=ZX9XET_Pu6Q
https://www.youtube.com/watch?v=fqkKiczCCLM;#196;The Ultimate Phase;#196 - The Ultimate Phase;guille;0;guille|https://www.youtube.com/watch?v=fqkKiczCCLM,exo|https://youtu.be/mwrb9IhtYa8?si=EqSg542qRWTPM6hs,molni|https://youtu.be/wEMO43127Mg?si=GTNUcTm-TbSdCy1Y,jaimichu,taron,zalex,weyi|https://youtu.be/RuqKLdWxWAU?si=M-R8DNLO7zQaieiG,deividg|https://youtu.be/ZylgP1nlF5A?si=L1nJGeV7R6bSNQr7
https://youtu.be/mRP0TgYtkng?si=gjCr3fna8-3n8wt1;#197;Wtf;#197 - Wtf;parra;0;parra|https://youtu.be/mRP0TgYtkng?si=gjCr3fna8-3n8wt1
;#198;Broken Signal;#198 - Broken Signal;deividg;0;deividg|
https://www.youtube.com/watch?v=TqSbD7rhyYM;#199;Volume;#199 - Volume;guille;0;guille|https://www.youtube.com/watch?v=TqSbD7rhyYM
https://www.youtube.com/watch?v=XMHfC3Fj01o&pp=0gcJCRUKAYcqIYzv;#200;Napalm;#200 - Napalm;weyi;0;weyi|https://www.youtube.com/watch?v=XMHfC3Fj01o&pp=0gcJCRUKAYcqIYzv
https://youtu.be/8uqEnq_aTgk?si=otPW_oKLjygOoRyb;#201;Stellaluna;#201 - Stellaluna;deividg;0;deividg|https://youtu.be/8uqEnq_aTgk?si=otPW_oKLjygOoRyb
https://www.youtube.com/watch?v=kXGy3dahVk0&t=108s;#202;Tech Manifestation;#202 - Tech Manifestation;guille;0;guille|https://www.youtube.com/watch?v=kXGy3dahVk0&t=108s
https://www.youtube.com/watch?v=_gCjn9ie9xE;#203;Electrolux;#203 - Electrolux;guille;0;guille|https://www.youtube.com/watch?v=_gCjn9ie9xE
https://www.youtube.com/watch?v=92W-TM9NGko;#204;Awakening Horus;#204 - Awakening Horus;nitro;0;nitro|https://www.youtube.com/watch?v=92W-TM9NGko
https://youtu.be/IndQjNE31pA?si=XbSKCEA4HbLpm3ea;#205;Retention;#205 - Retention;nitro;0;nitro|https://youtu.be/IndQjNE31pA?si=XbSKCEA4HbLpm3ea,molni|https://youtu.be/6xDkNJ507vA?si=LGroOV1QYCaJ2YQe,guille|https://www.youtube.com/watch?v=6AdxfRQpM8s&t=7s,taha,weyi|https://www.youtube.com/watch?v=9A29jGYETRc,nico|https://www.youtube.com/watch?v=3kp7vhfTOs8&pp=0gcJCRUKAYcqIYzv,josele|https://youtu.be/WQi1LvWJmUI?si=Vz9HVTM7qkPBy7dP,deividg|https://youtu.be/01WNqjy9kZo?si=T9yzhSCyWqAGbG3L
https://www.youtube.com/watch?v=gTU4ePkhxnA;#206;Falling Up;#206 - Falling Up;molni;0;molni|https://www.youtube.com/watch?v=gTU4ePkhxnA,guille|https://www.youtube.com/watch?v=ATVq7F1BhPI,deividg|https://youtu.be/xEXWKjOpGD0?si=2uSBIFokxEFAU5Rr
;#207;La Llorona;#207 - La Llorona;deividg;0;deividg|
https://www.youtube.com/watch?v=9yNGHqFj7g4;#208;ZOOOOOOOOOOOOOOOOOOM;#208 - ZOOOOOOOOOOOOOOOOOOM;taha;0;taha|https://www.youtube.com/watch?v=9yNGHqFj7g4
https://youtu.be/8_dAjTrUpzI?si=EnDsNR2iOtckkBp7;#209;Shurima;#209 - Shurima;deividg;0;deividg|https://youtu.be/8_dAjTrUpzI?si=EnDsNR2iOtckkBp7
https://www.youtube.com/watch?v=2j6ibsOsNng&pp=0gcJCRUKAYcqIYzv;#210;Red World Rebirth;#210 - Red World Rebirth;guille;0;guille|https://www.youtube.com/watch?v=2j6ibsOsNng&pp=0gcJCRUKAYcqIYzv,nitro|https://www.youtube.com/watch?v=tHkBmgd0M7M,exo|https://www.youtube.com/watch?v=RwNa9XWpBKQ&pp=ygURZXhvcnN1cyByZWQgd29ybGQ%3D,deividg|https://youtu.be/VTmwPL9fpJ4?si=HKyiAXX3DSecHAu7
https://youtu.be/KWBcMfFWvnE?si=LBFde10FV1VSKOcV;#211;Heart Attack;#211 - Heart Attack;guille;0;guille|https://youtu.be/KWBcMfFWvnE?si=LBFde10FV1VSKOcV
https://youtu.be/XV4NyK_HMCs?si=oPlH71mD1H9XjJm-;#212;Dismal Duststorm;#212 - Dismal Duststorm;deividg;0;deividg|https://youtu.be/XV4NyK_HMCs?si=oPlH71mD1H9XjJm-
https://www.youtube.com/watch?v=L8efaCtAIyY&t=160s;#213;Diligence;#213 - Diligence;taha;0;taha|https://x.com/tah8no/status/1473367939139133444,weyi|https://www.youtube.com/watch?v=L8efaCtAIyY&t=160s,guille
https://www.youtube.com/watch?v=gGvkCngHepc;#214;Breakout;#214 - Breakout;guille;0;guille|https://www.youtube.com/watch?v=gGvkCngHepc,exo|https://www.youtube.com/watch?v=97F8yl_Ecek,nitro|https://www.youtube.com/watch?v=J7v6x4KEyjo,weyi|https://www.youtube.com/watch?v=rErHltALNFQ,deividg|https://youtu.be/O49RLFRm0B4?si=irF0yhwsYh6rhZOg,gabo|https://youtu.be/2knnFcOXFXE?si=jTf7qYf0pZeQ20Nr
https://youtu.be/IuPX80OH-4I?si=Xh7WolEKPbUXqxwT;#215;Zettabyte;#215 - Zettabyte;exo;0;exo|https://youtu.be/IuPX80OH-4I?si=Xh7WolEKPbUXqxwT,guille|https://youtu.be/U3UzqyU8-JA?si=JXILnpaYoYbHBHX8,nitro|https://youtu.be/7VQ_xx5dIc8?si=tCgCUS3atrAg_Muu
https://youtu.be/YP4erq-a4A4?si=oSeUdboEEeCsMkNH;#216;Explosion;#216 - Explosion;guille;0;guille|https://youtu.be/YP4erq-a4A4?si=oSeUdboEEeCsMkNH
https://www.youtube.com/watch?v=4hTyGEwGI98;#217;Unearthed;#217 - Unearthed;guille;0;guille|https://www.youtube.com/watch?v=4hTyGEwGI98
https://www.youtube.com/watch?v=d3UK2sZh0m8;#218;Deception Dive;#218 - Deception Dive;guille;0;guille|https://www.youtube.com/watch?v=d3UK2sZh0m8,nico|https://www.youtube.com/watch?v=VvYwIruwpoQ&t=32s,deividg|https://youtu.be/zxSEa5MmQX8?si=wRhGS8cN6AggHVRb
;#219;Reanimate;#219 - Reanimate;deividg;0;deividg|
https://www.youtube.com/watch?v=Jgkq_0TjXd8;#220;Crowd Control;#220 - Crowd Control;exo;0;exo|https://www.youtube.com/watch?v=Jgkq_0TjXd8,guille|https://www.youtube.com/live/-PrCm9kUA-8,gryllex|https://youtu.be/LrUYSlscy3E?si=w_OmgZwH0aEBlT_T,deividg|https://youtu.be/DYT6PF4T7Us?si=G975SZWb3Y4sZ9Q0
https://www.youtube.com/watch?v=L8efaCtAIyY&t=160s;#221;Faith;#221 - Faith;weyi;0;weyi|https://www.youtube.com/watch?v=L8efaCtAIyY&t=160s,guille
https://www.youtube.com/watch?v=qD8V8VFu2Zo;#222;CholeriX;#222 - CholeriX;guille;0;guille|https://www.youtube.com/watch?v=qD8V8VFu2Zo
https://www.youtube.com/watch?v=9EJlG_pZ2QQ;#223;Polish Alphabet;#223 - Polish Alphabet;guille;0;guille|https://www.youtube.com/watch?v=9EJlG_pZ2QQ
https://youtu.be/zvsAa1ToSvA?si=vPENr1AxXg7iAjJu;#224;The Flawless;#224 - The Flawless;guille;0;guille|https://youtu.be/zvsAa1ToSvA?si=vPENr1AxXg7iAjJu,molni|https://youtu.be/RyfidV93V4w?si=GzH0oeULkXY60TDO,nitro|https://www.youtube.com/watch?v=9U8oYXzVYDc,deividg
https://www.youtube.com/watch?v=nrI2G7ty-30;#225;Ultrasans;#225 - Ultrasans;guille;0;guille|https://www.youtube.com/watch?v=nrI2G7ty-30,deividg|https://youtu.be/7TgmYusKgc0?si=hRNWYZ7FAmDPI2nl
https://www.youtube.com/watch?v=Z-dNw6FRrHU&t=60s;#226;CICADA3302;#226 - CICADA3302;guille;0;guille|https://www.youtube.com/watch?v=Z-dNw6FRrHU&t=60s
https://youtu.be/zP_RWd9lrlQ?si=rlK81ZurX478aF0N;#227;Daybreak;#227 - Daybreak;deividg;0;deividg|https://youtu.be/zP_RWd9lrlQ?si=rlK81ZurX478aF0N
https://www.youtube.com/watch?v=BWb82NIDVZ8;#228;Allegiance;#228 - Allegiance;guille;0;guille|https://www.youtube.com/watch?v=BWb82NIDVZ8,nico|https://www.youtube.com/watch?v=_NUPM8uKN68,deividg
https://www.youtube.com/watch?v=veZl4gKqd5Q;#229;Hypersonic;#229 - Hypersonic;guille;0;guille|https://www.youtube.com/watch?v=veZl4gKqd5Q,zalex,deividg|https://youtu.be/Ay9y1mgBW3M?si=CgX96V9_omYetlvq
https://www.youtube.com/watch?v=TqAIE7Tw8w0&t=17s;#230;Incipient;#230 - Incipient;guille;0;guille|https://www.youtube.com/watch?v=TqAIE7Tw8w0&t=17s,exo|https://www.youtube.com/watch?v=9u8Tf1hD5YM
https://www.youtube.com/watch?v=nIIE7AG6GEw;#231;Light Travel;#231 - Light Travel;guille;0;guille|https://www.youtube.com/watch?v=nIIE7AG6GEw,deividg|https://youtu.be/BjC0wK9GBQ0?si=1UrjhBbs4DUSzhaO
https://www.youtube.com/watch?v=ZX9XET_Pu6Q;#232;Matilda the Machine;#232 - Matilda the Machine;guille;0;guille|https://www.youtube.com/watch?v=ZX9XET_Pu6Q
https://www.youtube.com/watch?v=4AlWK330-bs;#233;Doop;#233 - Doop;guille;0;guille|https://www.youtube.com/watch?v=4AlWK330-bs
https://www.youtube.com/watch?v=3qqlQjH0vlg;#234;AcropoliX;#234 - AcropoliX;guille;0;guille|https://www.youtube.com/watch?v=3qqlQjH0vlg,deividg|https://youtu.be/celpqOKUYRU?si=tepkEmVBUK_PEyv4,gryllex|https://youtu.be/HzhuzJ9PQyI?si=Fx3QeBXuX2PPAhFF
https://youtu.be/2P-gDb46oK4?si=lYv83utNM07vReQ8;#235;The Ultimate Demon;#235 - The Ultimate Demon;guille;0;guille|https://youtu.be/2P-gDb46oK4?si=lYv83utNM07vReQ8
https://youtu.be/ZFN52VVmDQE?si=zBrR0aT9t5sLz5ZX;#236;Robotchief Exposal;#236 - Robotchief Exposal;deividg;0;deividg|https://youtu.be/ZFN52VVmDQE?si=zBrR0aT9t5sLz5ZX
https://www.youtube.com/watch?v=c5_Ue44Dfks;#237;Uprise;#237 - Uprise;guille;0;guille|https://www.youtube.com/watch?v=c5_Ue44Dfks,deividg|https://youtu.be/uUwoKI7lbz4?si=dqxrYTaM6BSuLtaN
https://www.youtube.com/live/-PrCm9kUA-8;#238;Disruption;#238 - Disruption;guille;0;guille|https://www.youtube.com/live/-PrCm9kUA-8
https://www.youtube.com/watch?v=2KhW-VDRDEw&pp=0gcJCRUKAYcqIYzv;#239;Clarity;#239 - Clarity;exo;0;exo|https://www.youtube.com/watch?v=2KhW-VDRDEw&pp=0gcJCRUKAYcqIYzv,taha|https://www.youtube.com/watch?v=oK5_6rv58Xs
https://www.youtube.com/watch?v=XzH1EZCSUSU;#240;Cosmorush 21;#240 - Cosmorush 21;guille;0;guille|https://www.youtube.com/watch?v=XzH1EZCSUSU,nitro|https://www.youtube.com/watch?v=iteGmPnXKDY
https://www.youtube.com/watch?v=LQZ4xVDaBhQ;#241;Make it Drop;#241 - Make it Drop;guille;0;guille|https://www.youtube.com/watch?v=LQZ4xVDaBhQ
https://www.youtube.com/watch?v=MihJr4SJDGg;#242;Plasmatic;#242 - Plasmatic;guille;0;guille|https://www.youtube.com/watch?v=MihJr4SJDGg
https://youtu.be/GSlw9jkBD0A?si=LS_CkrGLuuq1IeQN;#243;Proteus;#243 - Proteus;weyi;0;weyi|https://youtu.be/GSlw9jkBD0A?si=LS_CkrGLuuq1IeQN,guille|https://youtu.be/f9j23oq85N0?si=lbwyFBc_mSjqx-CV,deividg|https://youtu.be/upWhW4gnOGw?si=5_nVaNWXuAdSCcLC
https://www.youtube.com/watch?v=R5n8yKaXdm0;#244;Dark Odyssey;#244 - Dark Odyssey;guille;0;guille|https://www.youtube.com/watch?v=R5n8yKaXdm0
https://youtu.be/x78IRgCwLFo?si=cuYevNxOD555jDY6;#245;Tesseract;#245 - Tesseract;deividg;0;deividg|https://youtu.be/x78IRgCwLFo?si=cuYevNxOD555jDY6
https://www.youtube.com/watch?v=EJ1J7N7te5Y&pp=0gcJCSIKAYcqIYzv;#246;8o X;#246 - 8o X;guille;0;guille|https://www.youtube.com/watch?v=EJ1J7N7te5Y&pp=0gcJCSIKAYcqIYzv,exo|https://www.youtube.com/watch?v=yP38q-uchdE,deividg
https://youtu.be/kXGy3dahVk0?si=oUvY_V8Hlnep8Wyg;#247;Penombre;#247 - Penombre;guille;0;guille|https://youtu.be/kXGy3dahVk0?si=oUvY_V8Hlnep8Wyg,weyi|https://youtu.be/1QXwsc49buw?si=PAuSZQdjNvUTCvZp,deividg|https://youtu.be/yLQvkJj4b38?si=RIXZtQXNXOHSqS7W
https://www.youtube.com/watch?v=yOTGJcgu3_s;#248;Forbidden Isle;#248 - Forbidden Isle;nico;0;nico|https://www.youtube.com/watch?v=yOTGJcgu3_s,guille,deividg|https://youtu.be/XlSU8DYHX3Y?si=D-E110KHchej_x3I
https://www.youtube.com/watch?v=ag6GUWOj9c0;#249;The Lost Existence;#249 - The Lost Existence;guille;0;guille|https://www.youtube.com/watch?v=ag6GUWOj9c0,quique|https://youtu.be/hUKtR9ZeIWA?si=x38tS1QTe07V5WaI
https://youtu.be/E38NtrkgZRY?si=Ur5uGi3W9g-8R9-q;#250;Corrosion;#250 - Corrosion;deividg;0;deividg|https://youtu.be/E38NtrkgZRY?si=Ur5uGi3W9g-8R9-q
https://www.youtube.com/watch?v=--OSqNgyiEQ;#251;Phantasmagoria;#251 - Phantasmagoria;taha;0;taha|https://www.youtube.com/watch?v=--OSqNgyiEQ
https://www.youtube.com/watch?v=tq9-8Li9dHM&t=37s&pp=ygUPbW9sbmkgY2F0YWNseXNt;#252;Cataclysm;#252 - Cataclysm;molni;0;molni|https://www.youtube.com/watch?v=tq9-8Li9dHM&t=37s&pp=ygUPbW9sbmkgY2F0YWNseXNt,exo|https://youtu.be/YDyaj8YqXyE?si=yckBGv8IP-SdV4q3,guille|https://youtu.be/us18wOBAX60?si=TSZ7Z296jJmuz46n,gryllex|https://youtu.be/XKQSKUCxT3U?si=WBC26f9iP1W2c8FC,taron|https://youtu.be/pXfQT6VIIwc?si=eqZeAwg8HJW1W0nZ,zalex|https://www.youtube.com/watch?v=lbFBMXzFrSU&pp=ygUWbWFudWVsIHJleWVzIGNhdGFjbHlzbQ%3D%3D,weyi|https://youtu.be/O6n43JzEn4I?si=BhGo9RjrMTBK7iNO,parra|https://youtu.be/jFBgxZYXaGI?si=RmGdXlXdxY1lZLI1,hail|https://www.youtube.com/watch?v=Kc9xOJwnMnw,rub|https://youtu.be/ZcHdFU3Z_x8?si=MBZUisYOyDiA_ITE,nico|https://www.youtube.com/watch?v=uIEqCJsUu7Y,lorenzo|https://youtu.be/2IR9OWIa7sw?si=fyn6MRSWqSfrF1Vs,deividg
https://youtu.be/QaIng9ltaKw?si=_3lx67PONeJcSVR2;#253;Eclipse;#253 - Eclipse;deividg;0;deividg|https://youtu.be/QaIng9ltaKw?si=_3lx67PONeJcSVR2
https://youtu.be/zyhUtTFBAOI?si=GzsgD_hHvQhOy9_k;#254;Lost Love;#254 - Lost Love;deividg;0;deividg|https://youtu.be/zyhUtTFBAOI?si=GzsgD_hHvQhOy9_k
https://youtu.be/KLLHL_Slv1Y?si=Iz2Ir9vSocw3edKE;#255;Komodo;#255 - Komodo;deividg;0;deividg|https://youtu.be/KLLHL_Slv1Y?si=Iz2Ir9vSocw3edKE
https://youtu.be/b47MCUgLfjw?si=bPyTAyks3c4fObmL;#256;Goober Land;#256 - Goober Land;taha;0;taha|https://youtu.be/b47MCUgLfjw?si=bPyTAyks3c4fObmL
https://youtu.be/Nd6Bg6gnpg8?si=sIvAsIZ6r7K0LVdq;#257;Glisten;#257 - Glisten;deividg;0;deividg|https://youtu.be/Nd6Bg6gnpg8?si=sIvAsIZ6r7K0LVdq
https://youtu.be/6FzkjGFXgMw?si=9uhnGHC0JlE1lwNX;#258;Shimmering Chamber;#258 - Shimmering Chamber;deividg;0;deividg|https://youtu.be/6FzkjGFXgMw?si=9uhnGHC0JlE1lwNX
https://www.youtube.com/live/n1DIwrRpNaQ;#259;Azurite;#259 - Azurite;guille;0;guille|https://www.youtube.com/live/n1DIwrRpNaQ,deividg
https://www.youtube.com/watch?v=hmLi0MCTDwE&t=1788s;#260;Final Epilogue;#260 - Final Epilogue;guille;0;guille|https://www.youtube.com/watch?v=hmLi0MCTDwE&t=1788s
https://www.youtube.com/watch?v=L8efaCtAIyY&t=160s;#261;Reverie;#261 - Reverie;weyi;0;weyi|https://www.youtube.com/watch?v=L8efaCtAIyY&t=160s,guille,deividg|https://youtu.be/xbjvRwdLa4I?si=cvFk0BWEL61vL8QI
https://youtu.be/O6n43JzEn4I?si=vqXhwOhPjSPZmnUI;#262;Mizureta;#262 - Mizureta;weyi;0;weyi|https://youtu.be/O6n43JzEn4I?si=vqXhwOhPjSPZmnUI
https://www.youtube.com/watch?v=3BRDR_Vkavo;#263;Misty Mountains;#263 - Misty Mountains;guille;0;guille|https://www.youtube.com/watch?v=3BRDR_Vkavo,deividg|https://youtu.be/jE8Mk1a79Ic?si=3vHrLOvcWm4qbuDy
https://youtu.be/5y8l9tJi9Ms?si=I-hVn3WU3duWfFKS;#264;Niwa;#264 - Niwa;weyi;0;weyi|https://youtu.be/5y8l9tJi9Ms?si=I-hVn3WU3duWfFKS,taha|https://youtu.be/5CbnCdH7ncQ?si=DBh7b5QTbJKCy94q,deividg|https://youtu.be/IGrfNBIpCFk?si=Sj2zuk9BhBHhFf2l
https://www.youtube.com/watch?v=rMPhKGBDQ8A;#265;Raindance;#265 - Raindance;guille;0;guille|https://www.youtube.com/watch?v=rMPhKGBDQ8A
https://youtu.be/ITTkJJZEZcA?si=6_vv6htcIxDqEEEu;#266;Prismatic;#266 - Prismatic;deividg;0;deividg|https://youtu.be/ITTkJJZEZcA?si=6_vv6htcIxDqEEEu
;#267;Lezicuv;#267 - Lezicuv;guille;0;guille|
https://youtu.be/SLKDUzBHMUg?si=liViRlaPQgP-MNvz;#268;Troll Level;#268 - Troll Level;nico;0;nico|https://youtu.be/SLKDUzBHMUg?si=liViRlaPQgP-MNvz,taha|https://youtu.be/LE1mGjXqYuc?si=E3YRVXc77dTYC1UN,deividg|https://youtu.be/g8nCErcAn5Q?si=FTfRro4EVMlT2go4
https://www.youtube.com/watch?v=9Hm-YHb_0vA&t=31s;#269;White Album;#269 - White Album;guille;0;guille|https://www.youtube.com/watch?v=9Hm-YHb_0vA&t=31s,deividg|https://youtu.be/0QPHZiXLmVE?si=o-YHSS4HVHchZ_29
https://youtu.be/ZOc_rAuv2ow?si=vU-2kJftOKOmnris;#270;Sweater Weather;#270 - Sweater Weather;parra;0;parra|https://youtu.be/ZOc_rAuv2ow?si=vU-2kJftOKOmnris
https://www.youtube.com/watch?v=B9vdi6Dblqk;#271;Acu;#271 - Acu;guille;0;guille|https://www.youtube.com/watch?v=B9vdi6Dblqk,taha|https://youtu.be/1uJ_svPfeT0?si=8WUe3CMFX20hDEqt,nico|https://youtu.be/gRDTwFgo-rc?si=_IpIJxbhHqhL6lkL,weyi|https://youtu.be/DolFp1JuHDw?si=-BLgJhRX1Li3EnOS,parra|https://youtu.be/q4CwkcwT3Ks?si=z3tpFA4320dIKLW6,rub|https://youtu.be/9LUxZUyzsag?si=E7pN6rz2JnkWKKqT,exo|https://youtu.be/1ynSghvLWs8?si=jDDPWQYKfBOkV9PP,deividg|https://youtu.be/44JizxwI5_k?si=A80E3rFEjjuhAgNQ
https://youtu.be/lakGHjp9hPg?si=-xt693SjIp3DwvCq;#272;The Super Hotdog;#272 - The Super Hotdog;deividg;0;deividg|https://youtu.be/lakGHjp9hPg?si=-xt693SjIp3DwvCq
https://youtu.be/ujdqzJSZuNA?si=3IQek9iCJEmg7bEF;#273;Precipitance;#273 - Precipitance;gryllex;0;gryllex|https://youtu.be/ujdqzJSZuNA?si=3IQek9iCJEmg7bEF
https://youtu.be/hL24xcJPnyY?si=WSCiDbwV6f3wCOnt;#274;Red World;#274 - Red World;guille;0;guille|https://youtu.be/hL24xcJPnyY?si=WSCiDbwV6f3wCOnt,exo|https://www.youtube.com/watch?v=zUhVUx7Lc_k,deividg,gryllex|https://youtu.be/q4HioJC80Hk?si=ekGOs6DEkS2TQEJR
